zcr_mean,energy_mean,energy_entropy_mean,spectral_centroid_mean,spectral_spread_mean,spectral_entropy_mean,spectral_flux_mean,spectral_rolloff_mean,mfcc_1_mean,mfcc_2_mean,mfcc_3_mean,mfcc_4_mean,mfcc_5_mean,mfcc_6_mean,mfcc_7_mean,mfcc_8_mean,mfcc_9_mean,mfcc_10_mean,mfcc_11_mean,mfcc_12_mean,mfcc_13_mean,chroma_1_mean,chroma_2_mean,chroma_3_mean,chroma_4_mean,chroma_5_mean,chroma_6_mean,chroma_7_mean,chroma_8_mean,chroma_9_mean,chroma_10_mean,chroma_11_mean,chroma_12_mean,chroma_std_mean,delta zcr_mean,delta energy_mean,delta energy_entropy_mean,delta spectral_centroid_mean,delta spectral_spread_mean,delta spectral_entropy_mean,delta spectral_flux_mean,delta spectral_rolloff_mean,delta mfcc_1_mean,delta mfcc_2_mean,delta mfcc_3_mean,delta mfcc_4_mean,delta mfcc_5_mean,delta mfcc_6_mean,delta mfcc_7_mean,delta mfcc_8_mean,delta mfcc_9_mean,delta mfcc_10_mean,delta mfcc_11_mean,delta mfcc_12_mean,delta mfcc_13_mean,delta chroma_1_mean,delta chroma_2_mean,delta chroma_3_mean,delta chroma_4_mean,delta chroma_5_mean,delta chroma_6_mean,delta chroma_7_mean,delta chroma_8_mean,delta chroma_9_mean,delta chroma_10_mean,delta chroma_11_mean,delta chroma_12_mean,delta chroma_std_mean,zcr_std,energy_std,energy_entropy_std,spectral_centroid_std,spectral_spread_std,spectral_entropy_std,spectral_flux_std,spectral_rolloff_std,mfcc_1_std,mfcc_2_std,mfcc_3_std,mfcc_4_std,mfcc_5_std,mfcc_6_std,mfcc_7_std,mfcc_8_std,mfcc_9_std,mfcc_10_std,mfcc_11_std,mfcc_12_std,mfcc_13_std,chroma_1_std,chroma_2_std,chroma_3_std,chroma_4_std,chroma_5_std,chroma_6_std,chroma_7_std,chroma_8_std,chroma_9_std,chroma_10_std,chroma_11_std,chroma_12_std,chroma_std_std,delta zcr_std,delta energy_std,delta energy_entropy_std,delta spectral_centroid_std,delta spectral_spread_std,delta spectral_entropy_std,delta spectral_flux_std,delta spectral_rolloff_std,delta mfcc_1_std,delta mfcc_2_std,delta mfcc_3_std,delta mfcc_4_std,delta mfcc_5_std,delta mfcc_6_std,delta mfcc_7_std,delta mfcc_8_std,delta mfcc_9_std,delta mfcc_10_std,delta mfcc_11_std,delta mfcc_12_std,delta mfcc_13_std,delta chroma_1_std,delta chroma_2_std,delta chroma_3_std,delta chroma_4_std,delta chroma_5_std,delta chroma_6_std,delta chroma_7_std,delta chroma_8_std,delta chroma_9_std,delta chroma_10_std,delta chroma_11_std,delta chroma_12_std,delta chroma_std_std,song
0.022947177711383472,0.10651979471202305,3.1497256986120976,0.10052943078086693,0.16356216736593507,0.14120800594078084,0.010872822325096823,0.03280027932960894,-25.234294488923688,2.9633211750272155,-0.37042257160934045,0.0814734062646744,-0.0058255417415537395,-0.0021087339536008925,0.1677488575054921,-0.13760025632539047,-0.08766055409093049,-0.07922442702751818,-0.10370632586940302,-0.11319833154963903,-0.09256761444318934,0.018710230300301108,0.002643106973034013,0.13836891311688,0.015907815146331366,0.015629131288179696,0.010749401570194567,0.09357753029009164,0.0018963697519187779,0.0041110673466018535,0.010335141839178445,0.016288431804760438,0.0031458327154074927,0.060634969854772215,-3.027332151897507e-06,-1.0210787779901166e-05,8.209970491593135e-05,-0.00027553650557249505,-0.000943431944322735,-1.4016286745682906e-06,-0.0041767112284996155,-3.258845437616203e-06,-0.24202837923583237,-0.0021491616870279577,2.2723182214903142e-05,-0.0003721540344799735,4.088187385190012e-06,-0.00013738831151354774,0.00012869962246713355,7.204145771209037e-05,9.406143720628334e-05,3.5661883804615365e-05,7.856086348394099e-05,-2.0174650695571772e-05,-4.188813734169946e-05,-1.6219788466384922e-06,-9.386947122252232e-09,-1.8955338779467367e-05,-1.4423891531670768e-05,-3.871599016488168e-06,-4.01832746733557e-05,4.398673556048717e-05,-1.6683954538834957e-09,-1.5739536447851648e-07,-1.0010607482436329e-06,-6.034189432085523e-06,-3.494193087179452e-08,1.3767407718855158e-06,0.017329380002267587,0.06653096184760779,0.15164891621425294,0.03874792451966528,0.03619554492374783,0.16873947645264697,0.011339584231583738,0.0337103416629467,0.9849121397348357,0.6032816812579563,0.38185028834988977,0.3465802559366186,0.2849415454445664,0.241945430843876,0.22182523179831554,0.22478768499952032,0.20100227949450603,0.20821399407518612,0.2125787963785407,0.2186635430802313,0.20100626339453267,0.016608401154350663,0.0028101746294338596,0.07012100082130836,0.014994588865653476,0.011520880211374764,0.008003366007373535,0.05251745302208788,0.0030049451311024945,0.004233401965805058,0.010147998876898058,0.017239408320478447,0.003316556281403502,0.019949274855795854,0.017516265451962155,0.05947192466559306,0.21600534805202595,0.04594602171709936,0.04858739091584812,0.17594300372933902,0.013225242917570957,0.03889163014154505,1.0059599331833795,0.6941208852837971,0.4033389574941809,0.35087046823875623,0.30120288735590284,0.2651927191974053,0.25701787806668963,0.242490829408677,0.228479002339852,0.23775838721104836,0.23354575100588484,0.2285133131695975,0.22457522294995785,0.016756275973336305,0.003498216785653132,0.0645521724732464,0.015911287955619566,0.01428258613341783,0.009443744664158886,0.05434308007498391,0.003778931636621596,0.005268601766815072,0.010572306672824761,0.02273604898666047,0.004292914226285169,0.017441061423334563,Chase Shakur - Pray Slow
0.03261124426844519,0.06762154411908704,3.0939926332847745,0.09854040928260131,0.15414422173223635,0.19047852048875538,0.01327783413936328,0.04523153409090908,-24.667007206563095,1.8878626111108732,-0.4253263959581874,0.2613710099763862,0.13538626000584086,0.12847850173379013,0.09989845266568381,0.11998227359995099,0.2444672526540929,0.2284264753565049,0.07576881964265972,0.07924622890324484,0.00561869044240075,0.012620692830372244,0.004804796421523268,0.050576642195429615,0.009414519540587528,0.022622309342601035,0.0051570283294037345,0.05723757110914043,0.0060851445053013735,0.012565735467986701,0.014985930550830362,0.038121383876227904,0.002324217726745781,0.03483721622090526,-1.8480718849184733e-20,1.1334840894166637e-19,2.365532012695646e-19,-2.9569150158695573e-20,-9.856383386231859e-21,-2.365532012695646e-19,-0.0007149083235839405,-6.899468370362301e-20,5.046468293750712e-18,-1.5770213417970974e-19,-7.885106708985487e-19,3.9425533544927435e-20,-1.5770213417970974e-19,-1.5770213417970974e-19,-3.154042683594195e-19,-3.9425533544927433e-19,1.9712766772463718e-20,-3.2526065174565133e-19,-6.30808536718839e-19,9.462128050782583e-19,3.9425533544927435e-20,-9.856383386231859e-21,-1.9712766772463718e-20,2.9569150158695573e-20,-1.1088431309510841e-20,-2.9569150158695573e-20,2.3408910542300664e-20,9.856383386231859e-21,-1.8480718849184733e-21,-2.9569150158695573e-20,1.1088431309510841e-20,-2.4640958465579645e-20,9.240359424592367e-22,1.601662300262677e-20,0.01440545335477237,0.059077559793497464,0.23274270639244998,0.02466242858996476,0.03168559882180345,0.1464729112524525,0.01220667366811699,0.025441962996635755,1.2858823293105257,0.48550817214927516,0.5021461698566507,0.37974176178628416,0.3077713159745428,0.26463775614018803,0.27399922474611815,0.264938914550679,0.2571963536364688,0.24981095456721897,0.23953002615125732,0.24152874568210836,0.22104942319747078,0.013253369237755708,0.005940393701605926,0.05697771370453779,0.010049577702717317,0.022704912504656147,0.006773362037991443,0.054137319860471204,0.008378305263324769,0.015223182050515177,0.01760626397955656,0.03783893091021963,0.0029417208876804267,0.017137834012276573,0.013952470820740475,0.07232556983874684,0.3224060467484823,0.028810494523569537,0.04162738035356026,0.1339099756227242,0.016616487878233447,0.026483653697139307,1.2315636950468483,0.4897837059926363,0.5221348788770704,0.4114068383290894,0.34981209356983084,0.2913483989156909,0.29892657969945835,0.2789456178203752,0.2805568160578142,0.2660373650557496,0.26105518342540096,0.2570479999900763,0.24773412187407812,0.015560920575834197,0.006881681898561781,0.059801223800972254,0.011767541527793458,0.02455239973356128,0.00786340397606347,0.06681826486214675,0.01037739976570662,0.017183089871512323,0.021579003985679156,0.041195106656541275,0.003499259898333768,0.019392509473293143,Jakob Ogawa - All Your Love
0.04594061628242538,0.07539689255855432,3.1096615205338263,0.11267540659206553,0.15227275319586,0.3838283853540064,0.006020075858567327,0.06453273809523809,-23.623992249416215,2.039796253826907,0.14714407377153826,0.08996127516299159,0.31791150874889024,0.2400049526849022,0.14386185346560137,-0.051154359270347075,0.03436050229346292,-0.06471619339588824,-0.00754023592082021,-0.07774610670658008,-0.02836277094654436,0.01645912245940504,0.0040453409138768645,0.03984080033448813,0.00913109174566302,0.022538215171339936,0.0120532736987386,0.05635943451925713,0.005401586434842145,0.011300738129231692,0.018742750312279035,0.028130045997298004,0.0027981115774438894,0.02612490545134204,1.1914309587752796e-20,6.195440985631454e-20,-2.287547440848537e-19,1.4297171505303356e-20,-3.812579068080895e-20,1.1437737204242684e-19,5.957154793876398e-21,4.7657238351011183e-20,0.0,3.050063254464716e-19,1.2200253017858864e-18,-5.528239648717297e-19,-1.1437737204242684e-19,4.765723835101119e-19,-1.4297171505303355e-19,3.050063254464716e-19,3.050063254464716e-19,-3.336006684570783e-19,6.576698892439543e-19,-4.0032080214849397e-19,1.1437737204242684e-19,-1.2807882806834255e-20,1.6382175683160095e-21,-5.83801169799887e-20,1.2398328414755253e-20,-1.1914309587752796e-20,-1.6084317943466275e-20,-7.62515813616179e-20,4.743384504624082e-20,-1.5227976941846542e-20,2.3828619175505594e-21,-6.672013369141566e-20,1.6382175683160095e-21,1.3105740546528076e-20,0.016924064592331457,0.03753286403781846,0.16070792458977115,0.022694631178110655,0.024320288973210907,0.20752753657902948,0.004381644682609466,0.03861021158557182,1.3580196669573497,0.435162828607604,0.43910772072015264,0.3119046179879837,0.27990727375561975,0.250494517965428,0.2281837291792517,0.21706187439034788,0.234731111892892,0.21457210803641635,0.2023534959919591,0.20472518092122732,0.19273379807604746,0.01357731975494164,0.004545421127538181,0.02901563830096864,0.00899204669379853,0.017723421104520756,0.011873585075369855,0.03518899473524665,0.006753843842560196,0.013380028957347249,0.020651938217865116,0.0204501906099769,0.003473497545381999,0.0090150446683905,0.017582100363850675,0.04872607672692152,0.2179399459016883,0.025823880893334178,0.030968664858644284,0.21792947451123293,0.0057286609592624715,0.042103735048567834,1.3817316449662331,0.4461494531420851,0.4345025674858735,0.3398422242554034,0.3014217800420109,0.27955751336727835,0.26488322723158614,0.2555065850275745,0.27471542262259824,0.25624406051092263,0.23662422575499226,0.229462541451028,0.21578158372323417,0.01592279342630865,0.005497427056208022,0.03571564033796004,0.010324512410284781,0.018686566015775175,0.013853820647036977,0.0366844497019801,0.007490248230924628,0.013699748060838842,0.024799334477007075,0.025054461388062416,0.004518528560508954,0.010690627257137235,Joy Again - Looking Out For You
0.055726635833186974,0.08450587663652313,3.1668453757083332,0.1413140434029714,0.17462758139869855,0.38977195714750745,0.005714985697475185,0.07348003629764065,-22.58913323073355,1.7277713323780317,-0.06624102231250215,0.48391521315122754,0.03257048329058656,0.3202170225211093,-0.07274743900655499,0.08926842763199835,0.2052631808648087,0.22320844472140025,0.17501918321220997,0.07347664797179332,-0.002159458973413012,0.008161002486901879,0.0038670943801719605,0.03562934645481813,0.006675117587336453,0.028658188457662298,0.004616013478951821,0.05526672991603278,0.0021763984963597658,0.007070075982178058,0.014905795522886227,0.059861129521655905,0.0074917456901184756,0.03215773011798884,0.0001014772749448705,-1.45652316077094e-09,0.0007689731129076732,1.3218171095947127e-05,-4.7326838792434416e-05,0.001015277114071829,1.599585494406762e-07,0.00017197470874070605,3.3244986780265995e-05,-0.0009551331000838783,-0.0005703155559350031,-0.0007080155791444117,-0.0004144398031654206,-0.000470268247987755,-0.00019003950477204537,-0.0001434185553797808,-2.3133035263748055e-05,0.00017997707745200437,0.0001655669175472507,0.0002774938397574189,-0.00016221520945564673,-9.426227017291835e-07,-3.395044577191842e-07,-1.4931158119414712e-05,-1.8798687307770994e-06,-2.865333600788718e-05,3.5551542017850214e-07,-0.0001521756805287089,3.262341263230933e-06,1.7442414427065374e-06,1.2067088997675128e-05,-1.7503278030908512e-05,2.0429395816969614e-06,-4.0718044039191096e-05,0.027491703662690638,0.05434709166313136,0.1359347457142267,0.03053629104697635,0.020736681144385243,0.25081973172745503,0.004104059332073407,0.05451987788489259,0.8996042656882104,0.43193207866449446,0.3512051728282372,0.30779602785598736,0.2609518988200927,0.2504671245508863,0.23473505181327173,0.2348685004310651,0.24311062402211245,0.24302876478586827,0.23635205522642874,0.2099856134375783,0.19288936025721048,0.007675173688979494,0.004957430854991822,0.027172135543868742,0.007492923610002536,0.02780999837246759,0.00486118419833385,0.05416121660663596,0.003225965465106915,0.008470253134143778,0.01496744884960522,0.04219584066326885,0.00832387965527833,0.014030938454473316,0.027055742026688194,0.05492522594681708,0.18079458249418057,0.030915032008934515,0.02393495851388323,0.24083188648622247,0.004949728524358403,0.05666073632365323,0.8881489128742549,0.4012777958298285,0.3345509153780999,0.32115681426126663,0.28034202572681804,0.2638905213380228,0.2548589360694679,0.2532865624270386,0.25610854365126245,0.24809976908971296,0.25181655221591365,0.22871950847992928,0.21731021480394772,0.008687508234544426,0.005296973044283144,0.03102648746885362,0.008449507385056874,0.02995521846723877,0.005676153130048431,0.057613158654869934,0.004055823612781915,0.009965987176865487,0.015739312990023232,0.042997694475779495,0.009061766121579853,0.014815048860222875,Kali Uchis - Feel Like A Fool
0.03960684131618401,0.06974899122476898,3.146406033876825,0.12528037069009923,0.17254275415514064,0.2839572196845622,0.009571988798819169,0.055346574832884306,-24.531566661638248,2.1861438343107693,0.036017644682220656,0.18845609198502197,0.055568950258484,0.25684966539415793,-0.19638306686767446,-0.0656277285726707,0.192666046036555,0.14211322074191746,0.2416580913803489,0.026482519589998366,0.0068355304878884564,0.009762487315495921,0.004925029675831128,0.059994335592565715,0.011200721294435705,0.021478565412834154,0.008068303420775087,0.0988174037929883,0.0014830576372233382,0.005316884215474923,0.026364877733818275,0.039692574185048006,0.0030459543226108174,0.04559694951833965,1.6162019962516837e-20,2.3143040171456363e-14,1.7360564708670866e-07,4.321368291199592e-05,2.2465819111812702e-05,4.724207308954973e-06,1.7758223639020448e-07,-2.9091635932530307e-19,0.0013517186707534131,-0.00013673723051743327,4.724797118490881e-05,0.00011766494613717238,-0.00044598352268081476,-0.00010493689439271237,8.85862460902821e-05,-0.0002743538306789608,-2.5876601930127064e-05,0.0002909681484264642,0.0004651609520922229,8.361356836349617e-05,-0.0005366260365344181,-1.3678021203778225e-09,-3.279107747224429e-09,2.2257767841627915e-10,2.4933460750422725e-09,-6.228355185986502e-08,-9.828624362400524e-10,2.12710469361417e-09,1.505309253009986e-09,9.690886448530907e-10,-2.760668396857991e-09,-8.625130104661407e-10,-1.5934309741869297e-09,-1.7125605239703985e-08,0.02361276519086634,0.04588660579347274,0.13673486204127233,0.035094941866491675,0.025287777175524273,0.24382278319242448,0.008237385080115598,0.04844688055638113,0.9119209853652254,0.4848946705779494,0.444969745351978,0.3561446039148911,0.2880916007537403,0.28451816257258217,0.2888875316038812,0.2617039078202848,0.2392883833502393,0.2598142784262172,0.24002918065862944,0.22213257518349358,0.1967071238062953,0.010331093418574399,0.005179408131481488,0.05114449829050757,0.011783051575175505,0.01767825883030174,0.009627775741473426,0.07327324844240918,0.0021398844300327723,0.006614022105260352,0.023720691308582554,0.031141761247407394,0.0035195809157910784,0.019624776581575732,0.024121743124430422,0.0416254626390979,0.1879375711849406,0.039103031160492255,0.03214965951921779,0.253565366062761,0.01069196666120521,0.05567582350338,0.9064078007290182,0.457433272518213,0.42409533815606304,0.33691566055301936,0.30117883545571134,0.29024507390708365,0.2924115792170001,0.2763978505322652,0.2509841905696239,0.2601093152859765,0.24628550785035183,0.24644285240456912,0.22398681239947835,0.011395408788812317,0.005201139298006439,0.04771011291253686,0.012246254497217163,0.020147569771407303,0.010359478656089128,0.06573410354451052,0.00265038732893741,0.0074396063218247635,0.025935516754539183,0.032301181664623514,0.0039358379255477775,0.016600906451162287,Kali Uchis - Telepat√≠a
0.04418858073704376,0.025789203541320926,3.1249685417076516,0.13918097637439986,0.18997080600361543,0.21900444562571,0.006560530046744291,0.05030131452913894,-25.98906166294308,3.0712463226729723,-0.1792722708133978,0.04716812609913057,-0.16606860073096696,-0.05858413555887052,-0.20994962747898116,-0.2202316092986897,-0.02592682079391694,-0.003275099449956792,0.07393205066393854,0.029960540261543156,0.06693882945515572,0.01954591918410321,0.002480607179377971,0.08526375630250209,0.009690211908876475,0.03557136702187067,0.010935537561554612,0.04897605885344251,0.0016253769293945325,0.010012695163543995,0.014128548734521207,0.027528926822341215,0.012079450758897783,0.0402128029359865,-3.717987497479423e-06,-6.071078969410725e-14,6.014008272604734e-05,4.282459316841849e-05,-8.622683547131671e-07,-6.049540945739715e-05,2.598660425753498e-07,1.405273240572706e-05,-0.0016902826355544077,-0.0010221067388974884,-0.0004119175761215796,-0.0002504392461957055,-0.0001430331484196576,-0.0001264893092844443,-0.0003021355577681072,0.00013518141892588227,0.00032815606855877576,0.0001259679357650447,-1.84585709611192e-05,-0.00014872724566690915,0.00020974667745762892,-2.8129855334390976e-06,-1.0568838346650738e-07,-1.917294046366075e-06,-9.429659898845075e-07,9.27515831493004e-06,-6.095591186936687e-07,-3.323515480614344e-06,-9.061803890743761e-08,-9.462791578854532e-07,-9.503740253412937e-07,-1.7263437611377095e-06,-9.54240032451602e-08,2.872404491701923e-06,0.022867355758907786,0.012592542593985748,0.12773513920352472,0.036732433118662845,0.025756999051190877,0.16597831308348168,0.0045011161755647315,0.041992436454225596,0.9242900612226863,0.4909715278676994,0.35615928196896607,0.31649034846310664,0.26344902805736525,0.2511311464460598,0.2440921156022342,0.22735173662822059,0.2207817917035632,0.2332779093108516,0.2377219769806258,0.22454489167964775,0.19353119718606024,0.015342718757951474,0.002760948060282691,0.03533679691043475,0.008564623231791382,0.026381554988067202,0.010488261296727397,0.025933811102619546,0.0024263535006738522,0.010267293373031509,0.013749667010013653,0.02151699371773936,0.012582242234832827,0.012215599746825016,0.022498921095085823,0.01701756488267635,0.16141856061741716,0.037777070317206826,0.0318574716433842,0.16877183929491896,0.005221083197213781,0.04315990304731193,0.961659854171008,0.5561595193076126,0.37143356643603287,0.3506104276160219,0.2950753636392916,0.26970208878755164,0.2656729556924895,0.2529471224227019,0.2429521709360012,0.24476683467528462,0.23847113095216704,0.24185568131025786,0.2283042926881566,0.01463672909203938,0.003298938556633118,0.03983868059577994,0.008574762117194254,0.023546814265809134,0.013116598422320358,0.02751643010743281,0.00319131708288523,0.011509932595637557,0.016191242031094143,0.02298934119781237,0.012433120365535719,0.012883438899722039,Kali Uchis - i want war (BUT I NEED PEACE)
0.07022741357177636,0.04825598266187354,3.2242204642338406,0.14278483431133676,0.16209871552128813,0.7225738493923473,0.0035035898979649946,0.11463680226638925,-23.166080533014252,1.3691114937678515,0.2317909727300913,0.06086795585539842,0.2652898357408257,0.14537243098445207,-0.028094121147583792,0.11280119526565664,0.1217924931032239,0.1682779838437105,0.0021891873729935423,0.17718492369087177,0.056890929636336275,0.013624718460391576,0.003878675766607293,0.04545217964794421,0.00957265515956017,0.027540017599712124,0.008918111671548348,0.024938153100031543,0.0026570508273243043,0.005071978983567479,0.011879544408666199,0.030302783007797603,0.008119632066794946,0.023186393339349794,4.072418219644987e-05,1.2178128958894937e-09,-4.768644088987864e-05,5.829826678761832e-05,4.477550920070589e-05,0.0005106085682579004,3.029103733037329e-07,8.399362578017774e-05,0.015732593088886748,0.0003224700334705824,0.00033985291661612103,-0.00013837141446627319,-0.0001733306477512024,-0.00020115392960263394,-0.00011371798257286667,-9.253664380508094e-05,3.8158199112056036e-05,2.4280734921732125e-05,-8.766953664625389e-05,5.386210848254903e-05,6.658262285234757e-05,3.0372339337202224e-06,1.0890922316905499e-07,1.72586783249173e-06,3.612181294607388e-06,-4.189432993240613e-05,1.2437252922024536e-05,-2.3261741452881274e-07,1.4285115904807406e-06,1.9042712525830334e-06,4.413334490469639e-06,5.179407674004396e-06,1.3097039203740048e-06,-1.1140442517040913e-05,0.018140664121853247,0.02146566679675176,0.10779064283428039,0.022525819244807583,0.02124606518174722,0.20778733496882487,0.0026245841054894133,0.038557732869519835,0.7849661241147314,0.2916079269246163,0.2595184760933784,0.23753097026982703,0.2340054154452643,0.23459671157861273,0.22945196586813646,0.21916860533003873,0.2372252909205941,0.22807663222150545,0.22522799745321478,0.21406028468716476,0.18546771532968717,0.011336830416432866,0.003982576998240968,0.027147620110366193,0.008154586127142616,0.019244847289719053,0.008792639100609881,0.01812132420036211,0.0029932659885899653,0.004397637140434195,0.009127960783859291,0.020819137017551295,0.007021194478156532,0.007165379675061586,0.018137985198472144,0.025957253876115655,0.15058958076912787,0.02280140003181123,0.025344043153132885,0.2108327402182044,0.00354059126903321,0.03999243642868033,0.697736320032633,0.29723065611989125,0.28414761753265116,0.2613605681537456,0.2574973183342255,0.23818047444017976,0.24253647680253854,0.23005449056164667,0.25099715030331055,0.23666431943459992,0.236105937771943,0.23224823424145197,0.21280661896073158,0.012868902899483958,0.004427087182543561,0.028026357176351983,0.008643323212565399,0.01902743135684515,0.009109618882025983,0.02052235216112987,0.0035259616627704524,0.004792182370271981,0.010224796816873036,0.023330852113358547,0.008187835544089198,0.007700854195640138,Plums - Parking Lots
0.028824007964207594,0.057643368991063176,3.1853431487438795,0.09730433314226968,0.15553239645189704,0.18539948311295879,0.006143444030743135,0.040360682874294486,-24.040785757232413,2.4160845267008315,-0.1547452110643594,0.1580797755557143,-0.046746628012398136,0.06927105040041864,-0.08875137603786525,-0.05246484032320318,0.0567671743230766,0.23373733735105112,-0.2389941868180863,0.034368646137509375,0.09620003033343577,0.011756729368061904,0.0024958108528672866,0.044204098392208235,0.019737066012284765,0.01572939479122622,0.009765384473476935,0.06109568310491036,0.0018013880149656122,0.00709444409078992,0.014710191567547892,0.07960693048571395,0.006608229459643008,0.04097842195884896,-4.985939650186305e-07,1.7626237747109985e-13,2.9175931617165506e-05,-3.808907629689846e-06,8.606492502995367e-06,-1.0863636986374184e-05,5.490868008308946e-07,-7.148585752651678e-21,0.0008443421124274713,8.02887123875214e-05,-0.00030759710244634953,2.2603102339091117e-05,-0.00014279184093886173,-0.00032678720273856193,-0.00018328873711066204,-4.0392282794584423e-05,-4.647592395561899e-05,4.308644079183575e-05,-9.215878029357196e-05,-1.2847467838129779e-05,-0.00013733402117065895,8.028543850670344e-08,3.267703384628478e-07,-8.691416006859736e-07,-9.871761071512865e-08,8.91820560514437e-07,2.4705264834249675e-08,-1.2724266319197256e-06,-6.561704319816918e-08,5.447498469967917e-08,-8.897737230843779e-08,-4.855955527266047e-07,5.996743408343773e-08,2.9428845834570357e-07,0.010406948506222103,0.0174816842720252,0.0881910161434752,0.02740969406076435,0.03406331634682074,0.12235549173142457,0.0050944575177012995,0.018989902829105204,0.7813476518748499,0.3549871557343222,0.33977694159911837,0.26198807938251173,0.26079248958294354,0.23302758395767384,0.2474132564024847,0.23963341959180168,0.25779916070365644,0.23901757776337515,0.22345990059546592,0.21445042349283763,0.19725085152353894,0.009335692231237968,0.002732498098756012,0.027128358461069764,0.015935882433720436,0.009651837690520618,0.008806341544767525,0.03512633839822371,0.0025775488441913135,0.006944228875798392,0.01146977828450904,0.03393360846284869,0.005721990852041712,0.009561787385610643,0.010833118134181965,0.016898134052513874,0.11187505669615075,0.03232654582357427,0.043783758768432386,0.11714352181912638,0.006602001029492392,0.019280773252239296,0.7393140164966028,0.3548767488294239,0.3325939628393998,0.2763365466098964,0.2696521812599305,0.2587207536596018,0.26496743709128834,0.24879369862257072,0.24394459250484968,0.2469660675290401,0.2336096371170274,0.23048140063319802,0.21650340064312842,0.009177952202889004,0.003105705435454536,0.029398711296316996,0.016511027505172013,0.010244861753211095,0.009039159918975186,0.03403776758278053,0.003083200954007902,0.006973142240976653,0.011907480947775604,0.0317255180442971,0.006798391350494759,0.00982112245286951,Silk Skin Lovers - Annie Chases a Butterfly
0.04024065582881756,0.020749671101232995,3.1842164413287355,0.09775342599219283,0.13994208013137394,0.3061577248320203,0.0051292296352499316,0.05921913105413105,-24.238304849643608,2.1410450901978377,0.14629808573941186,0.1192305670453824,-0.08994518820776966,0.16118297625162362,0.07459557793879767,-0.09624933352948367,-0.12339283171490474,-0.07301564249185183,-0.1118090851599972,0.12045899302763675,-0.06207179575618884,0.029157984078579804,0.004589232181217054,0.037144563353078155,0.015031669602587805,0.02143132527906697,0.007590899397686765,0.03814691955828441,0.0012001093337991198,0.009927674942036311,0.019858348509709196,0.029228330292311883,0.004219585093436973,0.025350252733356844,-1.156464766302201e-05,-1.3317807401043455e-07,0.00012797453375482736,2.3684677610799544e-08,6.56929891127938e-07,-1.4711408148078952e-05,1.5866650363347817e-06,-1.6296296296296337e-05,-0.0018207286557511615,0.0006062556068366483,0.00046359760564199657,-0.00014096167615857373,0.00012608091161760577,-2.409802575772831e-05,0.00010822503031650858,-7.039148118446396e-05,-0.00014593376842493553,4.741849709479694e-05,-0.0001624590245749698,-4.256691563738498e-05,5.758734622760994e-05,2.4917379082703264e-06,-1.3098863130132056e-06,4.812757876317643e-06,1.2941689324459269e-05,2.2059340287928562e-05,4.48431913766051e-06,2.67225960013591e-06,-2.174359795930846e-07,-5.216690663062204e-08,1.0518845227932495e-05,-1.4987418767898343e-06,-4.141039417502183e-06,3.492379496830466e-06,0.014615058892994387,0.008894248726692889,0.09828049577192549,0.02328741062058479,0.029345840679080016,0.18222423923261494,0.0029651584965028665,0.030824430669283833,0.5334514456498008,0.3766999738177458,0.335710778929418,0.24752162725953597,0.23203966818102478,0.20760671319484206,0.21337563915484187,0.21047876374216082,0.1990611359945107,0.17727951477658732,0.17988110659236892,0.18180396727344822,0.18702427748314607,0.023093042340578896,0.004506048815381107,0.02681758400885899,0.011492880532458333,0.0162095989976,0.0068756016622974455,0.026169299011380164,0.0012092294551407667,0.009211490435834524,0.016702585273641716,0.02177380811473354,0.0038326071687075362,0.008305088678365135,0.012874301339688832,0.010050891176412313,0.12892914624753107,0.024997972749735486,0.037699116546732955,0.1561371609475612,0.003787410968686759,0.02850475743945783,0.4884548127763207,0.31420311909375337,0.32615260026515885,0.2589692777539856,0.2554675450987136,0.2259335776142348,0.23156885640807653,0.2245596516953628,0.21795949546257376,0.20384688721187572,0.20499129187425474,0.20479002495845872,0.21002330055438237,0.020419350922738982,0.00506711569884167,0.02498653278942043,0.0124578672348024,0.01788129661330742,0.007376183386405831,0.02800780960293919,0.0015008046613444886,0.0119549405069546,0.018185362688726392,0.021066603017154278,0.0043830353290635685,0.007920058602381751,Strawberry Guy - F Song
0.05889259787399534,0.07438893423785298,3.171877593054556,0.13407149002437027,0.16204861102930174,0.47430802597406785,0.0062225907620413095,0.08703526056520611,-23.03013486354309,1.6974924601211547,-0.0032764479010938983,0.2026205290403691,-0.037682404978158536,0.3781320947473194,0.29439088197919294,0.11367042120576132,0.17504797388188598,0.05227642004065225,0.016537979541048492,0.1143393916081736,0.04169059899810302,0.007815595630247876,0.004331049009755307,0.06219808292744686,0.011966136769435044,0.02477407580875358,0.009781930625783133,0.036162299128998966,0.002626615982361155,0.004225145849314364,0.012048809308083245,0.04784468010944125,0.007742542443440623,0.0306476567227044,3.7172645913788724e-20,-6.936380859571109e-12,3.055291207892298e-05,-3.123456099800469e-06,2.277894353825448e-05,-9.281149241135361e-07,3.915172676046949e-07,-1.9445164635726475e-06,0.011748538542198258,0.00025994179336565385,0.000148281460286667,0.00015503521086712957,0.0004520998191105286,3.887896417371471e-05,-0.00021198203543075074,-0.0002157924710112879,-0.00026420433366548585,0.00042139787698844286,0.0002776379713458987,0.0002498705352507722,0.00020880640173279776,-2.457808349354891e-09,-2.427189743901324e-10,-1.7582207705713192e-09,9.422220607477342e-10,-2.3256281070107355e-06,-5.889010200660416e-11,-4.614595625130709e-07,3.135095122288401e-11,-4.930147949686615e-11,1.3552783992454268e-08,-1.1954437663435266e-08,-2.412366531029609e-09,-6.325580893938886e-07,0.025919747998871326,0.03549883549581167,0.14411804639979314,0.029169970463225815,0.023041448473702673,0.2808445242637634,0.003839128850425323,0.05978947514376497,0.9935924402419386,0.473007755765536,0.4102011521617162,0.31101545713018947,0.2983367281435627,0.30065665394571206,0.2544887188493118,0.2642946822864356,0.26516578959939235,0.23095172746150744,0.21527639630532036,0.20660666777530304,0.19855752885975028,0.007111147044172627,0.005794949258145259,0.04347121541849533,0.010591269145887677,0.020763279645633667,0.010462847001289915,0.034646466066691944,0.0036571267338371123,0.005870207070146111,0.010925108592251457,0.03806711759283544,0.010261159214872296,0.01259862867413279,0.02716232895189839,0.04330813811680805,0.20109199817275236,0.031524933431386196,0.028093010617822475,0.2955691052373099,0.004814263994990373,0.06734881064389996,1.0067720581472595,0.5118413839104874,0.3953587442384822,0.34443361178600773,0.29837396715791514,0.29177461737692245,0.2804462986580123,0.28755921742916,0.29028136826871564,0.26786886316681724,0.24483895300956368,0.24180980519174586,0.23104039607565088,0.009452184311719182,0.006736877505038877,0.047261781402627635,0.013286608138356004,0.023412812822078525,0.012131381357079462,0.04064446808371672,0.0044848842514283544,0.007282741394924028,0.013355461462912449,0.037003871280625864,0.01013688226603738,0.014173583107423303,TV Girl - Birds Dont Sing
0.050455186557403255,0.053850845288626825,3.158150521746579,0.13265653876611197,0.16540552918222157,0.3688743534533961,0.005136892905789156,0.06498440409683427,-23.230397474174413,2.334235655759256,0.21340669452985114,0.28914360630564506,-0.042475768638312844,0.11823878120214118,-0.1845628966981166,-0.14718305041773205,-0.009348789297127336,-0.12582811705316446,-0.024235824081915776,-0.11460350653187512,0.014720198257725373,0.036752023302145914,0.0036291036042748353,0.048037404950374264,0.03204155693005004,0.03375265414332123,0.006927659927825601,0.03593098603169244,0.0026227092179989995,0.005847611068071934,0.00777696753278143,0.015045564473932219,0.007673502130772218,0.026939013421437355,-1.1954080804928843e-05,-7.920298799087608e-11,0.0001735187104858089,-6.35786853502933e-05,-1.2603770765160756e-05,-0.0007049516734515996,2.288825272173377e-06,-0.0001743482309124768,0.0015754292494602668,-0.00046609204397536733,0.00020624357420035284,0.000200986636639882,-0.00013602595194454369,6.547873327624026e-05,-0.00016841360650600112,-0.0001130196347584439,8.175209475956142e-05,9.767780678495737e-05,3.248990545118822e-05,4.7213568092510415e-05,5.493641473722775e-05,-2.7460208245710643e-07,-2.127169737171861e-07,-8.266364248686035e-07,-5.518336780021042e-07,-4.0662414617472413e-07,2.5951881859936463e-07,-4.607962635009617e-06,4.773314086576822e-07,-7.008480410504901e-07,-1.602913173335213e-07,7.023874996700053e-06,-4.6675323103338494e-07,8.264711645730749e-07,0.024440875790182677,0.030232760439972795,0.14387211270683622,0.030407073121567624,0.022578433444619104,0.28518043392484643,0.003687926937119788,0.05565509094456026,1.1690326794791162,0.5371661219374416,0.4067299476028722,0.29206223301570666,0.2639409039894322,0.2311956424801039,0.24697972370737428,0.24016576519662927,0.22427971673943123,0.23022325959238588,0.22110865930743367,0.22643919652318156,0.218402708068485,0.03177310927766645,0.0044489564866170605,0.036102644548690006,0.026257946295355692,0.023804580055664465,0.007297020321483581,0.026280200218870352,0.0032581619249324803,0.006110009463903329,0.006489298946597686,0.014125239305250248,0.007766596512022541,0.009679238071687626,0.025416614877796284,0.033281785430340945,0.19626799691051378,0.0305109094231428,0.026996131184904397,0.2870070083284056,0.004875480661196674,0.0586920536773352,1.2072552156174654,0.519842749495509,0.39233829633503225,0.30312164646253453,0.2804216549770216,0.258079458123815,0.2661834708730716,0.2648779677889863,0.24480196305941715,0.24273127396224142,0.23861822376883093,0.23257445817507574,0.2307974917957765,0.025226095999100268,0.005030011686412352,0.037669958634985415,0.028070347086074914,0.024534287514410752,0.00970867445219214,0.025244724411820338,0.0038696168694123127,0.0075287055588896595,0.00716702790410396,0.015652682016577966,0.007259096430265153,0.010002524314781247,TV Girl - Blue Hair
0.04231947643315283,0.05098988334572642,3.1462604336246587,0.11755421669774944,0.15789758084834551,0.31644370395717797,0.005266693935901886,0.0528660394265233,-23.36631551125612,2.4643345126728518,0.35674132396722413,0.3300548411253102,-0.000500039358990446,0.06611370449710484,0.09308324076509183,-0.1647016935832524,-0.0050117433690247265,-0.02951088253935747,-0.07002358472769171,0.008991233323622373,-0.12178625463569429,0.035541559153791626,0.0021516954922743622,0.04501957777703957,0.021472020997172606,0.019236753978202077,0.011067066376445705,0.023357122628658515,0.002855925596694767,0.006027819002860018,0.02960225595671853,0.043690454911959574,0.007614254606678692,0.0277987228345012,-2.077798673154269e-05,-1.4745862816131478e-10,0.0006108867126982919,-5.0831148670966646e-05,-5.101894906094428e-05,-0.00035758964072677937,0.0002136831491480679,-5.8115719406042084e-05,-0.01868983376619504,-0.00012852114844195695,0.00013800401229953872,-0.00010423485545481542,0.00011002217957406609,-4.8894028383744726e-05,-1.6234045541586856e-05,2.915190692075414e-05,-0.00014227680355906628,-1.5203124345072995e-07,-3.7920932379052334e-06,5.385695392950158e-05,-4.475805831078055e-05,-2.3273302491640937e-06,-1.4119209884873174e-06,-2.6126283735071526e-06,-1.980880516208113e-06,-1.7402651569360562e-06,-7.015750682614774e-07,4.894960265734414e-05,-7.578421351783211e-07,-1.2194984862607262e-06,-3.80416632116621e-06,-3.731068008731158e-06,-3.305964701774424e-06,1.2996198748216595e-05,0.020366624093752936,0.029132497549077745,0.13327420687769406,0.026513442657105056,0.0255301757098749,0.24252925192607944,0.0042857737019128435,0.0435534000265814,1.1517382089282027,0.5216891020503364,0.41380632069356155,0.2455018216419157,0.243698601176154,0.2338533342884921,0.22242621132352486,0.23417400544593997,0.21712492803706288,0.1993315076368802,0.21162265076292172,0.20979407542205178,0.19380779945478258,0.027977865851601592,0.0022327165792923225,0.02882705258560694,0.021747747428053285,0.012922337433477862,0.010091472652670939,0.02221855714795448,0.004271800823574985,0.005566231448218183,0.022102909659647337,0.03316724682249597,0.00786937286495356,0.009247141497638297,0.019942395959586853,0.030290078830074934,0.18136911788363566,0.02759425552139983,0.03245970985499352,0.23265321680422052,0.005376312655248745,0.04412014988572638,1.1508471160274454,0.4965866771308827,0.38789380898367476,0.2622446554921546,0.24861972280811437,0.2454242332511506,0.2515311241130671,0.2470804034129383,0.2411848362664703,0.22122118692894693,0.21913295356187787,0.2162378901949481,0.21517999569628923,0.029644014872745404,0.0026720238231915175,0.027852688901884626,0.017571553960140825,0.012937778990503232,0.010877385581270826,0.026045496664641943,0.005127749285577367,0.005627534028068677,0.01939769600746151,0.03381860775573497,0.009035167862474512,0.00972734861559915,TV Girl - Blue Hair (sped up)
0.06063404591013142,0.08094596630963685,3.166266682123512,0.1495874635908255,0.18990472282346058,0.38931052773047964,0.005889801803888899,0.07104624757179727,-23.108154910706613,1.9694462694721695,0.16509796614421537,0.1540963723248761,-0.00428133792772776,0.33397989066183364,-0.1027940710419607,-0.03048774046234171,0.0372286209005787,-0.09033659493867745,-0.036216617257344076,0.05504978704869315,0.09550837898299325,0.006352476645459456,0.0018868083060924435,0.06882548010460018,0.038404575843156444,0.03140936687896038,0.005183709413047356,0.0827708702963648,0.0010346942921227286,0.0036771330005436554,0.010673773981199059,0.024664521035503862,0.0019525150402637413,0.03631626045693176,-2.615161019060513e-20,8.689237518720799e-14,9.834592044304936e-09,-2.5610459885714238e-06,-3.613363730971766e-06,-1.9293005549675042e-07,-3.0922614687242935e-09,-8.281343227024958e-20,-0.00066010682291963,6.323980601766604e-07,7.934649353034517e-06,-1.8674239234708677e-06,-1.913943314227537e-06,-1.2443272710090584e-06,-4.191864088859454e-07,-4.559256559973659e-06,1.370437869812646e-07,2.6037089541898085e-06,3.2076482426616474e-06,1.3750463791798164e-06,1.08709980069787e-06,-2.0411386888253625e-10,-1.0625437542413131e-10,-1.0201767295520137e-10,-1.0898342666515269e-10,3.2930568185992434e-09,-5.7466736556282115e-11,-9.35415849133495e-11,-4.515971632003363e-11,-4.817148113019855e-11,-3.773589471341709e-11,-1.0577799335009748e-10,-3.561788447339835e-11,9.338911677793609e-10,0.02960289875679253,0.03542612666629903,0.09382914708794163,0.04159663878710268,0.027468616755962714,0.2593966821001104,0.005366069026434375,0.0555935732870419,1.1342690790338597,0.45238523493724025,0.4052297181827823,0.3108121706599396,0.2893666135280085,0.25857107788573036,0.24241817331902196,0.22545937122897547,0.2800610981879564,0.35727695086795996,0.2381047096465838,0.1966903253157532,0.16702142165480197,0.006694260621527453,0.0023983053059713107,0.046369337601188255,0.029411377425039686,0.01923114697073211,0.005333694068763427,0.053743691458002285,0.0011448079633049697,0.003468496524390516,0.009435385786836191,0.016052952856526626,0.0023386628764395147,0.012810893082979176,0.03609114583859666,0.03751185875303162,0.11486852437722948,0.047778893409439915,0.03420757615236703,0.2732581439375879,0.006366404129923296,0.06900287610593304,0.9889461566690674,0.4620269481907886,0.3878864951574142,0.31865649116652395,0.3138405607876171,0.28806234942658826,0.2679573014302404,0.23812106909045483,0.2684690187158637,0.2626966261071611,0.21477071117099747,0.2205108311942251,0.2083097095986392,0.007478958524281341,0.0027936921518115256,0.04783009976515361,0.02367341267477505,0.02189248362392154,0.00596392713710913,0.06204213955656099,0.0014042349781282065,0.0031812574373344064,0.01097385505310616,0.01797801938727149,0.002738429780141569,0.015168329802901245,TV Girl - Cigarettes out the Window
0.05789834116389911,0.07041393231788992,3.1158386934807925,0.14133315834657045,0.17043151058267605,0.5865281113018393,0.004654913319972939,0.09146242176501516,-23.763522690287914,1.5280359034115376,0.8540829812854507,0.15398815876037072,0.18271199458765613,0.3973012558307454,0.07376431292657344,0.12431595114182463,0.06498057917946061,0.2107592280938743,-0.016205356005403296,0.17626020547772914,-0.03547262480650738,0.008598739438744106,0.0018798415883784889,0.09859770509890883,0.005736792904830887,0.026569017868446267,0.0032357421897268525,0.04756093741066666,0.0013293022401270854,0.0032696903168461526,0.007305036370782779,0.06717344917719037,0.002983496936516291,0.04011986851441576,3.546455704391837e-20,1.533896808894623e-15,8.461221126885924e-09,1.3712661564252958e-05,-9.207414674065297e-07,8.962785251691502e-06,5.8153180116816434e-08,6.079638350386006e-21,0.00044521400497195393,9.694431515358297e-05,-3.680014543807247e-05,-7.628323969081215e-05,-1.3091520423220185e-05,9.35025520823652e-05,0.00012051264137339024,1.1934423306509313e-05,-0.0001421996758250309,-5.5871806843047467e-05,7.036714342474581e-06,-6.453428546818909e-05,-1.4555565541596821e-05,-3.305215222880204e-10,1.2057766413979922e-09,9.788881236576568e-10,3.7258854512621854e-09,-1.4330903103086176e-07,9.876514590350714e-10,3.5329453595013667e-09,9.414132170873792e-10,1.5195732503323167e-09,-1.720097508377587e-10,6.23343199967512e-10,1.497249243512568e-09,-3.997304866270667e-08,0.020292268451299098,0.03660183608314782,0.12082626705407387,0.029895747906619585,0.02380817203874559,0.24047174964026924,0.002723936333225607,0.0420728690530919,0.9265456946100111,0.3787431401340653,0.3726948638552613,0.28939248703676657,0.2593786232263375,0.2377715850436025,0.22700771898136163,0.20295573703363345,0.2093969256723633,0.19688629614234576,0.20468278587983812,0.20586787860439634,0.18738814391902686,0.008304927865647484,0.0024524405268416356,0.05019395992740346,0.004991428483584437,0.014552640837150087,0.0034451913917851944,0.03922343514595121,0.0015869311945681482,0.003025176191826189,0.0059642579431769555,0.031811278854125324,0.0038713449974517515,0.011934522736637058,0.020326232284967022,0.040364036080780374,0.15444604766881065,0.03359443979474843,0.029838712497345998,0.23610346680711067,0.003487273162214441,0.04473449717634502,0.997201438106137,0.39403756884603947,0.3676333453914622,0.3155721965107878,0.29496400401480527,0.28166902496754104,0.26134207269715803,0.24291165007294593,0.25071178044346415,0.23549835730975135,0.2346457933799664,0.23826303535161902,0.21071268300246837,0.011164844895028598,0.0029139467247908395,0.05083113751281893,0.006090815902617448,0.01486219828219342,0.004186311863488498,0.04426863681660915,0.0019523929759586904,0.0036432854121209554,0.0072708856895212625,0.03354719839934206,0.004593656810008231,0.012246445327191654,TV Girl - Lovers Rock
0.06177978929294907,0.048930502593237016,3.1171415624988663,0.14851825778794595,0.1748669571761776,0.5580282165972364,0.006438296108217094,0.09083804625313463,-24.74612185736135,1.7980296964505114,0.2391485021851736,0.09942180944683607,0.05807168234773775,0.09991951940046216,0.07311514796016162,0.027629622265222274,0.14200846017104005,0.14716191596699982,0.09738157981860845,0.16458726707319005,0.0644590661564868,0.00652362312936099,0.0057271914481766585,0.06761620096361548,0.006686958596333916,0.015147070347343087,0.004601997687796096,0.058393804546844855,0.001458763718046419,0.0061111601431557295,0.010513297408254475,0.06991121799217001,0.003956553956921558,0.03927970350103236,5.758418177516372e-20,-1.9794562485212528e-20,-3.3110904520719137e-19,6.118319313611145e-20,2.879209088758186e-20,-4.894655450888916e-19,-3.149134940829266e-21,6.478220449705918e-20,-3.685387633610478e-18,-9.213469084026195e-19,1.1516836355032744e-18,-2.5912881798823674e-19,6.478220449705919e-19,2.5912881798823674e-19,-4.894655450888916e-19,-3.455050906509823e-19,8.637627266274558e-20,-2.303367271006549e-19,6.6221809041438275e-19,-1.2956440899411837e-19,-1.1516836355032744e-19,-8.997528402369331e-21,3.0591596568055726e-20,1.0797034082843198e-19,4.948640621303132e-21,-1.7995056804738662e-20,-1.6195551124264796e-20,1.3676243171601383e-19,2.2493821005923328e-21,1.7995056804738663e-21,6.298269881658532e-21,-5.038615905326826e-20,1.6645427544383264e-20,-2.1594068165686394e-20,0.03058106290525639,0.030647952546300566,0.19345333910301526,0.028699636747497703,0.021935836438154742,0.34012427806683837,0.00520311776219292,0.06672628038585922,1.3021077577149105,0.6705327708843872,0.457756434817969,0.3416401528089902,0.3034454656725529,0.28161692966874363,0.2603409536777911,0.2382418325854996,0.23297506452077965,0.2024943610559347,0.23353144560691685,0.1998151204992153,0.1767004466917543,0.006220970014196966,0.006700338622538456,0.04778009644818045,0.006895530955841685,0.00871495141551228,0.005533275049398025,0.055281505065584435,0.0018175701569741044,0.00654246213902269,0.008602960165642062,0.057208424678276235,0.004938050510395328,0.01614620699358273,0.02955209674543713,0.037850232204831635,0.2514958512135788,0.032124914876243624,0.026784009947473195,0.32763913204431894,0.0061865903000550785,0.06879246292889343,1.3690045018419115,0.6479733161489591,0.4451157671684866,0.34611838559714014,0.31909987165146975,0.310517697662401,0.30509614577887023,0.2971539585130243,0.2838298154712406,0.23942850879984742,0.2632755631952547,0.2366232480053796,0.22220652885590264,0.007898432004735379,0.00807457977891627,0.046889786068117036,0.008081312583557263,0.010758187326028434,0.006701269694355144,0.0604452714823292,0.002326091882415017,0.008396297710214226,0.009763430838538055,0.055649929416824985,0.006168804788541912,0.01690282665366708,TV Girl - Natalie Wood
0.035048964004839686,0.08357829552399758,3.1584445202930196,0.09830467033389301,0.1490851057813584,0.19638394729012537,0.006656778647111238,0.04363197865353038,-22.211989236760992,2.2608359703869843,-0.261093613859663,0.23605424812959686,0.0004504391177059365,0.047507264706127615,-0.07884237619999357,-0.1377961381849915,-0.08384332788411289,-0.03171067400058216,0.07048966788137458,0.03763853518716947,0.0013623324045191937,0.011446413897802557,0.0038284448336847504,0.06631486304682714,0.009198161996916842,0.02305389741140223,0.022922661905308367,0.06517135069869635,0.0017848447821605749,0.004742581556720295,0.014775510259089433,0.0240485392594159,0.007505770844474357,0.02906653471572938,-2.5814337440131057e-20,-1.1911713177602487e-10,-3.9562661971629644e-08,-4.26657756258475e-06,-2.554200936157673e-05,-4.2697135750241674e-08,-1.1585219310410765e-07,1.9618896454499604e-19,-0.01692838754836201,-0.00029014959528694166,8.112734795726646e-05,-6.341062433328532e-05,-7.722374010010631e-05,-0.00011738831304237433,-3.404897461028424e-05,-5.779884177383039e-06,-5.433448649019345e-05,8.535785283151875e-05,8.571839363826029e-05,-2.6949230420966356e-06,2.072471090932941e-05,-2.4581384603185153e-10,-3.3742959353421093e-10,-2.5138567332476246e-10,-1.2493989140049005e-10,1.6799884438360064e-07,-1.708964104076071e-10,-5.738912193100658e-10,-3.010804783210557e-10,-7.170771617538984e-10,-8.17216327580191e-09,-1.3285199904391519e-08,-9.587385832167609e-10,4.705872340024517e-08,0.012080401066346412,0.03268803284591333,0.11958085932842451,0.022420780919029385,0.02807259999559281,0.11533081935953698,0.004379694896487034,0.018643050232110703,0.9865495261178319,0.45348801078770035,0.4050184534114402,0.3001039525487783,0.26136638223443276,0.25402476739102076,0.2493314201055401,0.24333739979726274,0.22793992717777853,0.22184012233113007,0.2262848110786694,0.20205652594262533,0.19256750237982084,0.00973282738725375,0.004974939182717725,0.042220193457999336,0.007774411348600378,0.016693098010724113,0.01607066238684036,0.037202334919123246,0.002264440421654979,0.004979983634427811,0.01194552745068563,0.01641451900169824,0.007246044518716882,0.010973375091681807,0.013358276852759778,0.04236004760949798,0.15541846797288067,0.025128327995664317,0.03530497498164331,0.12522344581777012,0.005869097419338852,0.021485438159464583,1.0849421448326955,0.5075899870006881,0.4003704163203092,0.3206292823470507,0.2904014592426516,0.2898028518312642,0.27777864580278283,0.2709914260685936,0.26380465678536524,0.2622846236503822,0.2625097820753627,0.2395300925086245,0.23248976820171782,0.01280165662391274,0.006557489801912445,0.05758779272986514,0.009766083374045761,0.016800826086696724,0.01904321542512656,0.04485075878873366,0.003021128729912421,0.00644125080234479,0.01335230005650061,0.019878247859164106,0.007807409585094286,0.013112503787708311,TV Girl - Not Allowed
0.03146944607435103,0.04042423945739241,3.186214992458606,0.11188928412172951,0.1636777120840449,0.2004295030300689,0.005868942401870448,0.044974505228588715,-24.57526471153781,2.288191986873434,-0.03497845355141422,0.5769940104357469,0.05018607850835037,0.2972311573039033,0.16819417039463516,0.143116459525881,0.11386044061017286,0.3470278797981136,0.20623455002718702,0.0031355479432660874,0.10742878727386214,0.010452502648881425,0.0034306597727807664,0.05788139602389369,0.003980638006078181,0.01027284462051459,0.007532431389026031,0.04596241099274764,0.002363229325220167,0.0021483459243429644,0.01868668819227427,0.11203512470987292,0.003539416199272375,0.04694731541201605,-1.9331450222652804e-06,-1.551327663386271e-13,2.2394416539250992e-06,-3.3346086888713186e-06,-2.575603605127634e-06,-1.7109339001936086e-05,0.00022133229412100766,-4.298404814213368e-06,-0.0006814963678119169,-1.512655739073842e-05,-5.24690915122448e-06,-1.2809764619389531e-05,-1.0353105098591172e-05,-4.887050945189499e-07,-6.767948371355191e-06,-2.8506502140548125e-06,-8.382613999585202e-07,-4.884479510699246e-07,-5.382074747128086e-07,-1.2521874074029097e-06,-3.396457704678957e-06,-1.5729670482705276e-08,-6.494303465541551e-09,-4.717472514026895e-08,-1.7190874938126478e-08,8.964223426918777e-07,-1.7100203396333108e-08,-1.7282977377325935e-06,-1.410276466881373e-08,-3.987682164080728e-09,-1.649145816474367e-08,-7.822908700196308e-08,-4.2331092558838505e-09,2.98523923049635e-08,0.01394802097174374,0.02267406437256725,0.1264205124967804,0.03281831961660508,0.03165045319207863,0.12905248050605442,0.006196784146742647,0.02385516520048986,0.8514452363754726,0.3204202154746803,0.31230518645718847,0.24476186950823708,0.24991144334880588,0.21822293700812226,0.20402624324870433,0.1944992513328372,0.19945439361500125,0.21176970450040392,0.19729904204488152,0.19188084179827145,0.17819388660419244,0.008234619647455785,0.0032043020562300835,0.03451232918598704,0.0035098202665481116,0.007977514236368373,0.006270957975704416,0.029816434563671862,0.002676078242818394,0.0022347241055931033,0.01676230189427429,0.04916775803115126,0.0034669608425885712,0.011403750428879918,0.01401351262570713,0.027117708712747792,0.15873404277938397,0.038181650425137284,0.0408211991317885,0.1325879699470212,0.007708752664691223,0.024998943760612263,0.6861911934582164,0.3134453368968332,0.31220710444368677,0.28338715068699233,0.2576031856916635,0.2366879032924211,0.23314026037322266,0.22627552572427745,0.2263614613321796,0.23747377292204777,0.22541485016223492,0.21605377663759195,0.20631191308712188,0.007959601437068819,0.0034296263802888654,0.02773467283340743,0.0037535734812524538,0.009022700635111123,0.007231629013914821,0.029457165522790783,0.0032391488463300827,0.002524184743997948,0.020286585168997905,0.04543211215790895,0.004130247159784605,0.011140102840562823,VACATIONS - Telephones
0.05791860626199299,0.06778053921706001,3.1999934078431505,0.12371715508854791,0.154148368203181,0.44360869432433525,0.005553170703572622,0.08857137518684603,-22.834193959069626,0.7340092018357377,-0.5463407423231728,0.33405787023647193,0.2157476669495939,0.29573620378861665,-0.05037587422569677,0.20701901265008915,-0.06364977105213074,0.18290442271871843,0.18225596906966243,0.03356025189353949,0.05563127690612367,0.005061207158206666,0.006360180403884475,0.04418934373497212,0.005512293909750371,0.012371446180033689,0.0025537336445923407,0.08743642355225104,0.003681312464341827,0.0032202156536944005,0.024080199516281778,0.028662135111137993,0.004276093788734396,0.03331078706308193,2.0385092360149255e-05,4.501572219119924e-09,-2.7326008240255255e-05,4.053451587476617e-05,4.310686525613765e-05,0.00020062146303527197,3.866473132977949e-07,2.659441953163927e-05,0.015008676544272724,-6.035025541915247e-05,6.8829298398770265e-06,0.00019498053250887793,1.1454877256418549e-05,-1.1779208846563855e-05,-1.9780887263786165e-05,-0.00011455661123647675,-0.000188257532094887,-7.027078298676259e-05,-0.00013743946447242604,-0.00010195533182085323,-2.6570364710194928e-05,1.3007745764804415e-06,2.536229667288576e-07,1.8624246977733e-05,9.406538692278323e-07,6.630656273322919e-06,3.2487413021674635e-06,-3.558065682216329e-05,1.931666442699162e-06,2.76084866195734e-06,1.0493374776933593e-06,2.985222468923131e-07,2.5070862843041916e-07,-5.431813434190594e-06,0.01633762744231111,0.0413181262555606,0.11944680212758758,0.02272353595923452,0.022280315484132663,0.1901220107880142,0.004308424664777754,0.03402710678399237,0.7189386878201848,0.38058566412718065,0.35998655891709014,0.272418743421559,0.24052334986088128,0.2376734662761083,0.23761257525999063,0.22998032467890517,0.21246826251529927,0.21609433788073412,0.20070871652139952,0.2110147933829082,0.19334808727223105,0.005590878069607641,0.0062814113231476655,0.03345504899749257,0.004647252487116799,0.008578652633971966,0.002264431862547152,0.05894143982991552,0.004808009075557131,0.0028900620863961273,0.019906808916829808,0.028466126307484643,0.004474089488177815,0.014918072479283489,0.01982550210370715,0.057287478284360226,0.15367786234591785,0.026542963508783404,0.0284233985432586,0.22688618667815852,0.00537571448650699,0.042135046875969535,0.712038844404198,0.42585657380936875,0.39800844234663,0.3097617613706175,0.2765783986448101,0.2688545736886549,0.26678406316423137,0.25884353996522513,0.24736049434485072,0.23731025273146464,0.2283016576252801,0.23381346052529509,0.22175101293524072,0.006781626212310125,0.007882058137729703,0.03635836250197445,0.005518152715577544,0.010874839361791688,0.002807039292887654,0.07425905843798655,0.006053368332196802,0.0036638297993401513,0.02446262879212051,0.03932718681711441,0.005552410181028957,0.018482411124707998,Vacations - Actors
0.04782866428933496,0.0725659396182891,3.184204659579122,0.11482914444818783,0.15550539241576547,0.32723127973421984,0.005270469674915383,0.06839746317512274,-22.217608860294657,1.5671197988598942,-0.24367335903199291,0.2587071869118781,0.09143823130478262,0.23876965001647651,-0.010985434966012462,0.10287004647790544,-0.17334188899991493,-0.0935769488663632,0.1330343290152972,0.10753654522827535,0.10069664873011051,0.009732010727617695,0.005533219785239852,0.035668206906610836,0.006836225702440636,0.029025312807666116,0.02721279647105726,0.044783393050283095,0.002630241228731339,0.004332017798557481,0.015387332834645719,0.027398388036092354,0.002926558950388121,0.025695637692574536,5.5383141775521554e-05,-2.3457055587230812e-11,-6.978317570394473e-05,0.00011595267129530005,7.596978300932982e-05,0.0004506113003579248,-2.035431500835424e-07,0.00021043371522094927,0.010076313894753929,0.00017547752510904037,-4.249848352292247e-05,-9.857100755490553e-05,-0.0001396120978323103,-9.755881244392766e-05,-2.759872533312192e-05,1.6846242824455226e-05,-5.7778274744729105e-05,-7.58525727718375e-05,-4.380967171096559e-05,0.00010960854597651672,0.00017166341511805876,1.4329670078356924e-06,1.5889935569718584e-06,1.8539671541027964e-06,5.810668415234274e-07,3.044543903269782e-06,1.9940575772305906e-06,-2.6391699971456782e-05,6.688553598323872e-08,-7.039698972900794e-07,2.6881997706771104e-07,6.582729512101611e-07,2.990572081167177e-07,-9.322550536544583e-06,0.015239975471921335,0.037538306568457254,0.131846098409684,0.027320096648940848,0.027622590782099745,0.16662912036255043,0.004051467569337918,0.027801477294732098,0.7110375428877022,0.3048495314281644,0.335113042873759,0.2532180170387119,0.22968942825719632,0.2271907531816294,0.2183244993663364,0.21735536803290242,0.22114225543433014,0.220404104948009,0.20909851227407833,0.20446263140184615,0.1832465841889948,0.008394607188285526,0.0058495899438828535,0.02605729323236013,0.006199812972148308,0.02151807789692464,0.02113793876212193,0.0321468272135459,0.002636130615204182,0.004129699564073367,0.011752443523733141,0.0218561919117443,0.00295916489701431,0.008995266264431439,0.015693253137054258,0.0490504363652841,0.18343861941248532,0.029223737611593022,0.03446311288737018,0.1673764088923692,0.005347899251796875,0.03080103536168317,0.7019773748308628,0.31446189627042664,0.3499046909248181,0.27976271620916776,0.264419841252327,0.252755315740413,0.24772810525238192,0.24418367364060412,0.24123974457812175,0.24002070348693083,0.2329660453506024,0.22660585142283884,0.2100912021082089,0.010241608613901441,0.0063980800891293614,0.026305440578870326,0.007100071429984873,0.02500975687989167,0.024117778018897924,0.0392164736410105,0.0031699760877974,0.004694098960031293,0.01439682099433011,0.02057261873037398,0.003495346453886823,0.010510110148463208,Vacations - On Your Own
0.048200933367902515,0.033920199814482195,3.1898752514017676,0.10719607162674324,0.1420697860280357,0.3994396314933149,0.005677480008738277,0.07632590095929478,-24.681559645676117,1.48075960680202,-0.13986081174258347,0.20183312599065298,0.018391546462896917,0.3116209129178381,0.0927349041327004,-0.02054086520604968,-0.12061308758353136,0.04394890159388329,0.06531757107882927,0.09394250108181194,0.08527910029967155,0.005661239971202415,0.007634832262246193,0.0470024841332111,0.004674342239711151,0.01641203597826514,0.014519646089875821,0.09306320284621859,0.002410795565408086,0.006068326085795828,0.018339151221446276,0.020604512097701175,0.002431754041584429,0.034528610189535146,-5.3927923256416896e-05,1.0722845082094296e-12,-0.0016333354899210294,3.094094857635502e-05,7.687912812476115e-05,-0.000801535551907388,-6.237128507233776e-07,1.9185895773917533e-05,0.014448783307115685,0.000509130618857152,-0.00023284244707692445,0.0003914715006940768,6.328553302406151e-05,-0.00021558956517152798,8.524977742625926e-05,-0.0007320048242027669,-0.000372066191382676,0.0004054657416593078,1.2267841640830096e-05,0.00019173156772303517,-0.0002633681950380438,1.6927629464654757e-06,-2.2066999910160618e-07,9.406304111801382e-05,-7.81291019511766e-06,-7.455271752905772e-05,-3.135027091119575e-07,0.0002833044799011244,-7.008224342675503e-07,2.248119344658679e-09,-4.954552010443942e-06,-3.702642563223365e-06,-2.1473299349949633e-07,5.12176958180641e-05,0.013681548992522038,0.011861253489955165,0.09316205702693735,0.020585810047334997,0.025520041215006884,0.17487960642291214,0.004044947147139675,0.026479369272475555,0.843174770285493,0.357645205431839,0.3238279252717731,0.2450959212144823,0.24120191425274884,0.23664199945899586,0.22784982904649212,0.2150215454420682,0.21871606310634384,0.20852660583019775,0.19465327328061854,0.21499998688882913,0.1991045817957191,0.004240312371133672,0.00783238039905346,0.03442234537566247,0.004261680646054296,0.01196621102221285,0.012022120556935058,0.05153993536735168,0.002724076844918654,0.005894642740224101,0.016966387461792003,0.014964580583049602,0.002301837498913903,0.012230796630724348,0.013780763121466429,0.014661084970497536,0.12590419087426358,0.023238896028450452,0.03368555209139748,0.16744157697660386,0.005220485065229749,0.0273952129846454,0.7913989373088383,0.3582058928486422,0.3539156555499254,0.27977010853784734,0.26893027169315703,0.2756263589620779,0.26105632479010055,0.24163792712113114,0.24297074765113827,0.23461032813912286,0.2216473049025388,0.21919136876620818,0.22310763953790383,0.005159177419895873,0.007718904836109502,0.04074813406538814,0.00472596141021463,0.015078829599723871,0.015462655668543204,0.05265563159366268,0.00345537547870517,0.007096216195191801,0.020878816448748557,0.015176532863986842,0.002935945605368758,0.013599215586699243,Yot Club - Fly Out West
0.044763252702007206,0.04102385410867909,3.211649268723263,0.11572482518042773,0.15688781840012503,0.3141375973534231,0.00549336129487367,0.06051457774647633,-23.317865354080077,2.001489434316735,-0.2588006577423491,0.052964606696906696,-0.009938145765707201,0.0527314523328639,0.07554536027182504,-0.09186867815934824,-0.10263436993501254,0.12488568694300743,-0.0021156501540532946,-0.006736238392955121,0.02618985684145384,0.014538283617148299,0.00908038475851045,0.03266217990127103,0.009278134916790446,0.023253801359423985,0.012641182857984158,0.041510829807292045,0.006773160646218317,0.011309277838358308,0.019564528007905035,0.026745095252348576,0.00634633154238045,0.023068474713759408,1.294569758191647e-20,2.589139516383294e-20,-5.178279032766588e-20,-5.609802285497137e-20,3.452186021844392e-20,2.4165302152910746e-19,-2.157616263652745e-21,-8.198941801880432e-20,0.0,-1.3808744087377569e-19,-4.1426232262132706e-19,-4.48784182839771e-19,5.868716237135467e-19,-1.0356558065533176e-19,-6.904372043688784e-20,4.1426232262132706e-19,3.452186021844392e-20,2.7617488174755137e-19,-3.452186021844392e-20,-2.0713116131066353e-19,-3.7974046240288315e-19,-4.5309941536707646e-20,-1.0788081318263726e-20,-1.5103313845569216e-20,2.1576162636527453e-20,-2.1576162636527453e-20,3.667947648209667e-20,-3.020662769113843e-20,-3.2364243954791177e-21,2.157616263652745e-21,1.024867725235054e-20,-4.3152325273054905e-20,0.0,6.472848790958235e-21,0.013198507822543117,0.014958009373516315,0.06795302824571073,0.022722169843329316,0.02424357619075083,0.14024271899399887,0.004793137336190245,0.02273401585851317,0.7001492135329581,0.3505773522642175,0.3254943487629986,0.2700350442247776,0.25051950854003235,0.23369540393592983,0.22496063667416252,0.21888671266566692,0.21173647056573622,0.2190378097335687,0.20727051814823985,0.1898278604411118,0.18187362664582413,0.012862854899598914,0.008161167863936338,0.021929007486927596,0.00804753179607666,0.016916127123579126,0.011812926200529676,0.03398541048025615,0.006216490535874797,0.009469150482748486,0.019593612594525092,0.018875369232750586,0.00609775536077801,0.00960317910809817,0.013906041806933212,0.017100725843213222,0.09222653577703369,0.024531271371197618,0.02979339572481558,0.142182606870305,0.006176716118428299,0.024515335367130717,0.6275361398491667,0.3445234494310267,0.3059412892028686,0.2876457761809515,0.2647515553208527,0.2538146777708452,0.2523170193486514,0.24844516383849538,0.23885888015452714,0.24468388771168373,0.23834905073245846,0.21657827495741705,0.2066135045411178,0.013978725292489008,0.00925788552086176,0.023115991023121688,0.009546545674447123,0.018374399713737048,0.01342792214085044,0.0414199947206469,0.007826137218761095,0.011018880561684449,0.021838159499506366,0.0225489342093953,0.006873238873569579,0.0118088530364061,boy pablo - i hope she loves me back
